file,type,chars,text
inbox/possible_bets/20260427-131620_possible_bets_4388.png,possible_bets,94,ERROR: cannot identify image file 'inbox/possible_bets/20260427-131620_possible_bets_4388.png'
inbox/possible_bets/20260427-132145_possible_bets_1771.png,possible_bets,2436,"Co) Ansvarsfuldt spil

bet365 Ekstra Log ind

= Neeste opger
Fodbold Saag Basketball Dart Handbold Ruc
Fodbold Neeste 15 min. »

Sortér efter Dato Pris

France (MJ)
~ Portugal (ZT)
Esoccer H2H GG League - 8 nii...

3.00 3.50 2.00

27 apr 13:23

© Arsenal (Vinn)
® Man City (LaikingDast)

2.25 4.33 2.25
Esoccer Battle - 8 min. spil
27 apr 13:25
4jt Juventus (mko1919)
A.Madrid (KraftVK
tt : : 3.30 3.40 1.90

Esoccer Battle - 8 min. spil

27 apr 13:25

“©. Aston Villa (VIRUS)
# Tottenham (MERLIN)

2.30 2.87 3.00
Esoccer H2H GG League - 8 nii...

27 apr 13:27

4jt Juventus (alosdvxl)
’ Bologna (Stason23)

4.50 5.50 1.40
Esoccer Battle Volta - 6 min. spil

27 apr 13:27

Napoli (Mers)
“7 Roma (Kril)

4.50 5.75 1.38
Esoccer Battle Volta - 6 min. spil

27 apr 13:27

“> Balestier Khalsa FC
4 Hougang United FC

Singapore - Premier League

2.00 4.00 2.70

27 apr 13:30

# Real Madrid (Fred)
4f Real Betis (Delpiero)

Esoccer GT Leagues - 12 min. s...

2.20 2.70 3.40

27 apr 13:30 Hl iT

“7 Roma (Kril)
4 Juventus (alosdvxl)

1.38 6.25 4.20
Esoccer Battle Volta - 6 min. spil
27 apr 13:36
’ Bologna (Stason23)
“*  §assuolo (Dan_drago...
ode 1.42 5.75 4.20

Esoccer Battle Volta - 6 min. spil

27 apr 13:36 Hi

Information og forsinkelser i udsendelsen v

Indstillinger

Sprog v

Tilbud

Abningstilbud

Lyd

Fodbold

Statistik

Fodbold Sport

Resultater

Livescore Resultater

Hijzelp

Indbetalinger Udbetalinger
bet365 FAQ Kontakt os

Regler og Vilkar Tekniske problemer
Ansvarsfuldt spil Regler om fortrolighed
Regler om cookies Klageprocedure
Regler

Sider

Nyheder Jobs

Partnere

bet365 er licenseret og reguleret af Spillemyndigheden.

StopSpillet er den danske spillemyndigheds hjzelpelinje om ansvarsfuldt
spil. 70 22 28 25

Du kan selvudelukke dig via ROFUS.

© 2001-2026 bet365. Alle rettigheder forbeholdt.

Server Tid 13:21:37 CET

Ved at besage, fortszette din brug af og navigere rundt pa denne side
accepterer du, at vi benytter visse cookies for at forbedre kundens oplevelse
hos os. bet365 bruger kun cookies, som forbedrer din oplevelse og benytter
ikke cookies, som griber ind i dit privatliv. Vi henviser til Regler om cookies,
hvis du gnsker at lase mere om, hvordan vi benytter cookies og hvordan du
kan sla dem fra eller administrere brugen af dem.

Denne side er beskyttet af reCAPTCHA, og Google's Regler om fortrolighed og
Tjenestevilkar gzelder.

Partnere xX £)

A QQ © © aa]

Hjem Sport Live Veeddemal Casino
"
inbox/history/20260427-132532_history_4954.png,history,7243,"Session 00:55 © Ansvarsfuldt spil

bet365 Ekstra 78,27 kr. =

Afgjorte veeddemal

< Tilbage

Fra 26/04/2026 Til 27/04/2026

27/04/2026 11:03:42

Dawson Murschell 2,00
4,00 kr. Single

Indsats 4,00 kr. Gevinst 0,00 kr.
Veeddemalsoplysninger >

27/04/2026 11:01:10

Cezar Cretu 1,57
4,00 kr. Single

Indsats 4,00 kr. Gevinst 6,29 kr.
Veeddemalsoplysninger >

27/04/2026 11:00:20

Nys/Roger-Vasselin 1,57
5,00 kr. Single

Indsats 5,00 kr. Gevinst 0,00 kr.
Veeddemalsoplysninger >

27/04/2026 11:00:06

Leylah Fernandez 1,57
6,00 kr. Single

Indsats 6,00 kr. Gevinst 9,43 kr.
Veeddemalsoplysninger >

27/04/2026 10:59:08

Casper Ruud 1,36
7,00 kr. Single

Indsats 7,00 kr. Gevinst 9,55 kr.
Veeddemalsoplysninger >

27/04/2026 05:28:27

Ognjen Milic 1,72
4,00 kr. Single

Indsats 4,00 kr. Gevinst 6,91 kr.
Veeddemalsoplysninger >

27/04/2026 05:28:07

Sayaka Ishii 1,57
5,00 kr. Single

Indsats 5,00 kr. Gevinst 7,86 kr.
Veeddemalsoplysninger >

27/04/2026 05:27:39

Hayato Matsuoka 1,66
5,00 kr. Single

Indsats 5,00 kr. Gevinst 8,34 kr.
Veeddemalsoplysninger >

27/04/2026 05:27:16

Alexis Galarneau 1,66
6,00 kr. Single

Indsats 6,00 kr. Gevinst 10,00 kr.
Veeddemalsoplysninger >

27/04/2026 05:26:43

Jessica Pieri 1,61
7,00 kr. Single

Indsats 7,00 kr. Gevinst 0,00 kr.
Veeddemalsoplysninger >

26/04/2026 22:02:23

Idaho Steelheads 2,00
3,00 kr. Single

Indsats 3,00 kr. Gevinst 0,00 kr.
Veeddemalsoplysninger >

26/04/2026 22:02:04

COL Avalanche 1,58
Tidlig udbetaling Modtaget

5,00 kr. Single

Indsats 5,00 kr. Gevinst 7,95 kr.
Veeddemalsoplysninger >

26/04/2026 22:01:19

Huachipato 2,12
3,00 kr. Single

Indsats 3,00 kr. Gevinst 0,00 kr.
Veeddemalsoplysninger >

26/04/2026 22:00:48

Titanes del Licey 1,57
4,00 kr. Single

Indsats 4,00 kr. Gevinst 6,29 kr.
Veeddemalsoplysninger >

26/04/2026 22:00:25

Ponce 1,64
4,00 kr. Single

Indsats 4,00 kr. Gevinst 6,59 kr.
Veeddemalsoplysninger >

26/04/2026 22:00:09

Marinos 1,64
5,00 kr. Single

Indsats 5,00 kr. Gevinst 8,23 kr.
Veeddemalsoplysninger >

26/04/2026 21:59:01

Jose Luis Claro 1,44
3,00 kr. Single

Indsats 3,00 kr. Gevinst 0,00 kr.
Veeddemalsoplysninger >

26/04/2026 21:58:44

Andres Urrea 1,66
5,00 kr. Single

Indsats 5,00 kr. Gevinst 8,34 kr.
Veeddemalsoplysninger >

26/04/2026 21:56:46

Portmore United 1,75
4,00 kr. Single

Indsats 4,00 kr. Gevinst 0,00 kr.
Veeddemalsoplysninger >

26/04/2026 21:56:32

Guayaquil City 2,05
5,00 kr. Single

Indsats 5,00 kr. Gevinst 10,25 kr.
Veeddemalsoplysninger >

26/04/2026 21:56:12

Instituto Cordoba 2,30
5,00 kr. Single

Indsats 5,00 kr. Gevinst 0,00 kr.
Veeddemalsoplysninger >

26/04/2026 21:56:01

Belgrano 2,15
6,00 kr. Single

Indsats 6,00 kr. Gevinst 0,00 kr.
Veeddemalsoplysninger >

26/04/2026 19:52:01

Macara 2,10
Tidlig udbetaling Modtaget

2,00 kr. Single

Indsats 2,00 kr. Gevinst 4,20 kr.
Veeddemalsoplysninger >

26/04/2026 19:51:28

KA Akureyri 1,70
3,00 kr. Single

Indsats 3,00 kr. Gevinst 0,00 kr.
Veeddemalsoplysninger >

26/04/2026 19:51:11

Vojvodina 1,72
3,00 kr. Single

Indsats 3,00 kr. Gevinst 0,00 kr.
Veeddemalsoplysninger >

26/04/2026 19:50:55

Independiente Rivadavia 1,86

Tidlig udbetaling Modtaget

3,00 kr. Single
Indsats 3,00 kr. Gevinst 5,58 kr.
Veeddemalsoplysninger >

26/04/2026 19:50:43

AGF 2,62
4,00 kr. Single

Indsats 4,00 kr. Gevinst 0,00 kr.
Veeddemalsoplysninger >

26/04/2026 18:47:24

Arribage/Olivetti 1,36
3,00 kr. Single

Indsats 3,00 kr. Gevinst 4,10 kr.
Veeddemalsoplysninger >

26/04/2026 18:47:10

Arthur Rinderknech 1,66
5,00 kr. Single

Indsats 5,00 kr. Gevinst 5,00 kr.
Veeddemalsoplysninger >

26/04/2026 18:24:02

Raja Casablanca 1,80
4,00 kr. Single

Indsats 4,00 kr. Gevinst 7,20 kr.
Veeddemalsoplysninger >

26/04/2026 18:22:55

Union Saint Gilloise 1,72
5,00 kr. Single

Indsats 5,00 kr. Gevinst 8,64 kr.
Veeddemalsoplysninger >

26/04/2026 18:21:54

Galatasaray SK 2,10
Tidlig udbetaling Modtaget

5,00 kr. Single

Indsats 5,00 kr. Gevinst 10,50 kr.
Veeddemalsoplysninger >

26/04/2026 18:21:28

Osasuna 1,90
6,00 kr. Single

Indsats 6,00 kr. Gevinst 11,40 kr.
Veeddemalsoplysninger >

26/04/2026 15:43:08

Janae Preston 1,57
3,00 kr. Single

Indsats 3,00 kr. Gevinst 0,00 kr.
Veeddemalsoplysninger >

26/04/2026 15:42:52

Bhambri/Venus 1,61
4,00 kr. Single

Indsats 4,00 kr. Gevinst 6,47 kr.
Veeddemalsoplysninger >

26/04/2026 15:42:38

Cameron Norrie 1,66
5,00 kr. Single

Indsats 5,00 kr. Gevinst 8,34 kr.
Veeddemalsoplysninger >

26/04/2026 15:42:22

Jessica Pegula 1,66
6,00 kr. Single

Indsats 6,00 kr. Gevinst 0,00 kr.
Veeddemalsoplysninger >

26/04/2026 15:35:09

Chelsea 1,96
6,00 kr. Single

Indsats 6,00 kr. Gevinst 9,63 kr.
Veeddemalsoplysninger >

26/04/2026 15:34:46

Rangers 1,61
5,00 kr. Single

Indsats 5,00 kr. Gevinst 0,00 kr.
Veeddemalsoplysninger >

26/04/2026 15:34:24

Hajduk Split 2,70

5,00 kr. Single

Indsats 5,00 kr. Gevinst 0,00 kr.

Veeddemalsoplysninger >
Vis mere v

Ansvarsfuldt spil

Information og forsinkelser i udsendelsen ~

Indstillinger

Sprog
Tilbud

Abningstilbud

Lyd

Fo"
